word,count
Video,593
Weibo,570
2023,373
Migu,349
Sports,332
Women's Volleyball,268
China,263
Final,255
World Cup,255
Wang Meng,210
Australian Open,196
Tournaments,191
Women's Singles,185
Champion,182
Zhang Weili,181
2022,169
WTT,168
She,165
Advancement,163
victory over,153
Women's Football,143
League,141
Women's,133
Messi,131
Own,119
Us,115
Xu Mengtao,108
On Migu,95
Semi-finals,95
Score,94
China Women's Soccer,89
World,86
vs,86
Argentina,83
Together,80
Zhu Ting,80
Soccer,80
Badminton,79
Players,76
Winning the Championship,75
Durban,75
Won,73
Sun Yingsha,73
Player,71
Zhang Rui,71
Zhang Shuai,71
Table Tennis,69
Women's Doubles,68
Qiang,68
Regular,67
Open,67
Hope,66
Chen Meng,66
Everyone,65
Doha,64
Challenge,64
Best,64
Grand Slam,63
Combination,62
Wang Man Yu,60
Grand,59
Kuai Man,59
Scandic,59
Yao Di,57
Beijing,57
Time,55
Volleyball,55
Zheng Qinwen,55
Annual,53
Super,53
Liu Yuxi,53
Season,52
Shenzhen,52
Unattached,50
Join,50
India,50
Fueling,49
New Year,49
Olympic Games,49
Conducted,49
No,48
Indicates,48
A,47
Expectation,47
New Year,46
Continue,46
Cecilia Fan,46
Indonesia,45
Live,45
Final Four,45
Future,45
Already,45
Athletes,45
Matchups,44
Today,44
Tianjin Women's Volleyball Team,44
Cosmos,44
Gu Ailing,43
Reverse,42
Zhang Yufei,42
Opponent,42
First,42
Fujian,42
Winner,41
Participation,41
Fans,41
Italy,41
Paris,40
again,40
Happy Birthday,40
Shi Xunyao,39
World Championships,39
Chen Yufei,39
Jiangsu,39
Become,38
Today,38
End,38
training,38
Team,38
Challenge,38
MVP,38
World Series,38
Second Round,37
Four sets,37
Sports,36
Tennis,36
Lists,35
International,35
Fancy,35
Clubs,35
Coaches,35
China Women's Volleyball Team,34
Training,34
Georgina,34
Announcement,34
Great Winter Games,34
Three sets,34
Defeat,33
Final,33
Withdrawal,33
Grand Prix,33
Selected,32
Shanghai,32
Elite Eight,32
USA,32
Marseille,32
Back-to-back wins over,31
Antonella,31
He Bingjiao,31
Tianjin,31
Tournaments,30
Releases,30
Blessings,30
friends,30
Curling,30
Banks,30
Awakening,30
Year of the Rabbit,29
Announcement,29
Girls,29
Final,29
Share,29
Ping Pong,29
Seeds,28
Shui Qingxia,28
Thanks to,28
kuaiman0207,28
One year,28
Eyes,28
Jolene,28
them,28
Serie A,28
Tonight,28
See,27
Preliminaries,27
start,26
Open,26
Sabalenka,26
GIRLFRIEND,26
Australia,26
Racecourse,26
France,26
Blog,26
Asia,26
Fans,26
rachel,26
Birthday,25
Spain,25
rice,25
Recap,25
Tennis,25
Now,25
UFC,25
Tripleheader,25
First Round,25
U.S.,25
Xu Mengtao COVID,25
Heart,25
Han Qiaosheng,25
Congratulations,24
Wang Frost,24
Qatar,24
Basketball,24
Steel,24
China Team,23
Wang Yidi,23
Harvest,23
Group Photo,23
He Zhuojia,23
Interview,23
Spur,23
Female,23
First Time,23
LIVE STREAM,23
stay,23
stop,23
life,23
Qualifying,23
breakdancing,23
music,23
Croatia,23
Lead,23
VS,23
Bohai,23
Eileen Gu,23
Skiing,22
Country,22
Sun,22
This year,22
post-tournament,22
Nationals,22
he,22
Adelaide,22
Shanghai Women's Volleyball Team,22
Big Mouth,22
Zhou Yang,22
Frog Princess,22
Effort,21
Trumpet,21
Yang Lina,21
Achievement,21
No match for,21
One game,21
Time,21
Goal,21
get,21
send a message,21
withdraw,21
Zheng Yu,21
Upcoming,21
Ranking,21
Naomi Osaka,21
Liaoning,21
Wang Xiaokun,21
Parlor,21
Pingback,20
Wife,20
last year,20
Happy,20
webpage,20
Link,20
Kova,20
Arrivals,20
Moment,20
Jia Yifan,20
Chen Xiaobai,20
BAOBAO,20
A round,20
Regret,20
Strength,20
China Women's Basketball,20
Spring Festival Gala,20
Official,20
Elected,20
Performance,20
Stage,20
Media,20
Sweden,20
Championships,20
Round,20
Two-Win,20